<?xml version="1.0" encoding="UTF-8"?>
<GenRun Id="impl_1" LaunchPart="xc7a35tftg256-1" LaunchTime="1746532701">
  <File Type="REPORTS-TCL" Name="TOUCH_reports.tcl"/>
  <File Type="ROUTE-PWR-SUM" Name="TOUCH_power_summary_routed.pb"/>
  <File Type="BITSTR-MMI" Name="TOUCH.mmi"/>
  <File Type="OPT-DRC" Name="TOUCH_drc_opted.rpt"/>
  <File Type="BG-DRC" Name="TOUCH.drc"/>
  <File Type="ROUTE-STATUS-PB" Name="TOUCH_route_status.pb"/>
  <File Type="BG-BGN" Name="TOUCH.bgn"/>
  <File Type="PLACE-UTIL" Name="TOUCH_utilization_placed.rpt"/>
  <File Type="PLACE-UTIL-PB" Name="TOUCH_utilization_placed.pb"/>
  <File Type="PLACE-IO" Name="TOUCH_io_placed.rpt"/>
  <File Type="BG-BIN" Name="TOUCH.bin"/>
  <File Type="PLACE-CTRL" Name="TOUCH_control_sets_placed.rpt"/>
  <File Type="ROUTE-PWR-RPX" Name="TOUCH_power_routed.rpx"/>
  <File Type="ROUTE-DCP" Name="TOUCH_routed.dcp"/>
  <File Type="BITSTR-MSK" Name="TOUCH.msk"/>
  <File Type="BITSTR-RBT" Name="TOUCH.rbt"/>
  <File Type="ROUTE-TIMINGSUMMARY" Name="TOUCH_timing_summary_routed.rpt"/>
  <File Type="ROUTE-TIMING-RPX" Name="TOUCH_timing_summary_routed.rpx"/>
  <File Type="ROUTE-STATUS" Name="TOUCH_route_status.rpt"/>
  <File Type="PA-TCL" Name="TOUCH.tcl"/>
  <File Type="ROUTE-PWR" Name="TOUCH_power_routed.rpt"/>
  <File Type="ROUTE-DRC" Name="TOUCH_drc_routed.rpt"/>
  <File Type="ROUTE-DRC-RPX" Name="TOUCH_drc_routed.rpx"/>
  <File Type="ROUTE-DRC-PB" Name="TOUCH_drc_routed.pb"/>
  <File Type="BITSTR-SYSDEF" Name="TOUCH.sysdef"/>
  <File Type="ROUTE-METHODOLOGY-DRC" Name="TOUCH_methodology_drc_routed.rpt"/>
  <File Type="ROUTE-METHODOLOGY-DRC-RPX" Name="TOUCH_methodology_drc_routed.rpx"/>
  <File Type="BITSTR-LTX" Name="debug_nets.ltx"/>
  <File Type="BITSTR-LTX" Name="TOUCH.ltx"/>
  <File Type="ROUTE-METHODOLOGY-DRC-PB" Name="TOUCH_methodology_drc_routed.pb"/>
  <File Type="ROUTE-SIMILARITY" Name="TOUCH_incremental_reuse_routed.rpt"/>
  <File Type="RDI-RDI" Name="TOUCH.vdi"/>
  <File Type="ROUTE-CLK" Name="TOUCH_clock_utilization_routed.rpt"/>
  <File Type="ROUTE-BUS-SKEW" Name="TOUCH_bus_skew_routed.rpt"/>
  <File Type="ROUTE-BUS-SKEW-RPX" Name="TOUCH_bus_skew_routed.rpx"/>
  <File Type="ROUTE-BUS-SKEW-PB" Name="TOUCH_bus_skew_routed.pb"/>
  <File Type="POSTROUTE-PHYSOPT-TIMING" Name="TOUCH_timing_summary_postroute_physopted.rpt"/>
  <File Type="POSTROUTE-PHYSOPT-TIMING-RPX" Name="TOUCH_timing_summary_postroute_physopted.rpx"/>
  <File Type="POSTROUTE-PHYSOPT-TIMING-PB" Name="TOUCH_timing_summary_postroute_physopted.pb"/>
  <File Type="POSTROUTE-PHYSOPT-BUS-SKEW" Name="TOUCH_bus_skew_postroute_physopted.rpt"/>
  <File Type="POSTROUTE-PHYSOPT-BUS-SKEW-RPX" Name="TOUCH_bus_skew_postroute_physopted.rpx"/>
  <File Type="BG-BIT" Name="TOUCH.bit"/>
  <File Type="POSTROUTE-PHYSOPT-BUS-SKEW-PB" Name="TOUCH_bus_skew_postroute_physopted.pb"/>
  <File Type="BITSTR-NKY" Name="TOUCH.nky"/>
  <File Type="BITSTR-BMM" Name="TOUCH_bd.bmm"/>
  <File Type="WBT-USG" Name="usage_statistics_webtalk.html"/>
  <File Type="OPT-HWDEF" Name="TOUCH.hwdef"/>
  <File Type="PLACE-PRE-SIMILARITY" Name="TOUCH_incremental_reuse_pre_placed.rpt"/>
  <File Type="ROUTE-ERROR-DCP" Name="TOUCH_routed_error.dcp"/>
  <File Type="ROUTE-BLACKBOX-DCP" Name="TOUCH_routed_bb.dcp"/>
  <File Type="ROUTE-TIMING-PB" Name="TOUCH_timing_summary_routed.pb"/>
  <File Type="OPT-DCP" Name="TOUCH_opt.dcp"/>
  <File Type="PLACE-DCP" Name="TOUCH_placed.dcp"/>
  <File Type="PWROPT-DCP" Name="TOUCH_pwropt.dcp"/>
  <File Type="POSTPLACE-PWROPT-DCP" Name="TOUCH_postplace_pwropt.dcp"/>
  <File Type="PHYSOPT-DCP" Name="TOUCH_physopt.dcp"/>
  <File Type="POSTROUTE-PHYSOPT-DCP" Name="TOUCH_postroute_physopt.dcp"/>
  <File Type="POSTROUTE-PHYSOPT-BLACKBOX-DCP" Name="TOUCH_postroute_physopt_bb.dcp"/>
  <File Type="PDI-FILE" Name="TOUCH.pdi"/>
  <File Type="BOOT-PDI-FILE" Name="TOUCH_boot.pdi"/>
  <File Type="PL-PDI-FILE" Name="TOUCH_pld.pdi"/>
  <File Type="RCFI_FILE" Name="TOUCH.rcfi"/>
  <File Type="CFI_FILE" Name="TOUCH.cfi"/>
  <File Type="RNPI_FILE" Name="TOUCH.rnpi"/>
  <File Type="NPI_FILE" Name="TOUCH.npi"/>
  <File Type="RBD_FILE" Name="TOUCH.rbd"/>
  <File Type="ROUTE-RQS" Name="TOUCH_routed.rqs"/>
  <File Type="POSTROUTE-PHYSOPT-RQS" Name="TOUCH_postroute_physopted.rqs"/>
  <File Type="ROUTE-RQS-RPT" Name="route_report_qor_suggestions_0.rpt"/>
  <File Type="POSTROUTE-PHYSOPT-RQS-RPT" Name="postroute_physopt_report_qor_suggestions_0.rpt"/>
  <FileSet Name="sources" Type="DesignSrcs" RelSrcDir="$PSRCDIR/sources_1" RelGenDir="$PGENDIR/sources_1">
    <Filter Type="Srcs"/>
    <File Path="$PSRCDIR/sources_1/new/touch.v">
      <FileInfo>
        <Attr Name="UsedIn" Val="synthesis"/>
        <Attr Name="UsedIn" Val="implementation"/>
        <Attr Name="UsedIn" Val="simulation"/>
      </FileInfo>
    </File>
    <Config>
      <Option Name="DesignMode" Val="RTL"/>
      <Option Name="TopModule" Val="TOUCH"/>
      <Option Name="TopAutoSet" Val="TRUE"/>
    </Config>
  </FileSet>
  <FileSet Name="constrs_in" Type="Constrs" RelSrcDir="$PSRCDIR/constrs_1" RelGenDir="$PGENDIR/constrs_1">
    <Filter Type="Constrs"/>
    <File Path="$PSRCDIR/constrs_1/new/Touch_Sensor.xdc">
      <FileInfo>
        <Attr Name="UsedIn" Val="synthesis"/>
        <Attr Name="UsedIn" Val="implementation"/>
      </FileInfo>
    </File>
    <Config>
      <Option Name="ConstrsType" Val="XDC"/>
    </Config>
  </FileSet>
  <FileSet Name="utils" Type="Utils" RelSrcDir="$PSRCDIR/utils_1" RelGenDir="$PGENDIR/utils_1">
    <Filter Type="Utils"/>
    <Config>
      <Option Name="TopAutoSet" Val="TRUE"/>
    </Config>
  </FileSet>
  <Strategy Version="1" Minor="2">
    <StratHandle Name="Vivado Implementation Defaults" Flow="Vivado Implementation 2019"/>
    <Step Id="init_design"/>
    <Step Id="opt_design"/>
    <Step Id="power_opt_design"/>
    <Step Id="place_design"/>
    <Step Id="post_place_power_opt_design"/>
    <Step Id="phys_opt_design"/>
    <Step Id="route_design"/>
    <Step Id="post_route_phys_opt_design"/>
    <Step Id="write_bitstream"/>
  </Strategy>
</GenRun>
