<?xml version="1.0" encoding="UTF-8"?>
<GenRun Id="impl_1" LaunchPart="xc7a35tftg256-1" LaunchTime="1746531875">
  <File Type="PA-TCL" Name="Top_Range_Sensor.tcl"/>
  <File Type="REPORTS-TCL" Name="Top_Range_Sensor_reports.tcl"/>
  <File Type="INIT-TIMING" Name="Top_Range_Sensor_timing_summary_init.rpt"/>
  <File Type="OPT-DCP" Name="Top_Range_Sensor_opt.dcp"/>
  <File Type="OPT-DRC" Name="Top_Range_Sensor_drc_opted.rpt"/>
  <File Type="OPT-METHODOLOGY-DRC" Name="Top_Range_Sensor_methodology_drc_opted.rpt"/>
  <File Type="OPT-HWDEF" Name="Top_Range_Sensor.hwdef"/>
  <File Type="OPT-TIMING" Name="Top_Range_Sensor_timing_summary_opted.rpt"/>
  <File Type="OPT-RQA-PB" Name="Top_Range_Sensor_rqa_opted.pb"/>
  <File Type="PWROPT-DCP" Name="Top_Range_Sensor_pwropt.dcp"/>
  <File Type="PWROPT-DRC" Name="Top_Range_Sensor_drc_pwropted.rpt"/>
  <File Type="PWROPT-TIMING" Name="Top_Range_Sensor_timing_summary_pwropted.rpt"/>
  <File Type="PLACE-DCP" Name="Top_Range_Sensor_placed.dcp"/>
  <File Type="PLACE-IO" Name="Top_Range_Sensor_io_placed.rpt"/>
  <File Type="PLACE-CLK" Name="Top_Range_Sensor_clock_utilization_placed.rpt"/>
  <File Type="PLACE-UTIL" Name="Top_Range_Sensor_utilization_placed.rpt"/>
  <File Type="PLACE-UTIL-PB" Name="Top_Range_Sensor_utilization_placed.pb"/>
  <File Type="PLACE-CTRL" Name="Top_Range_Sensor_control_sets_placed.rpt"/>
  <File Type="PLACE-SIMILARITY" Name="Top_Range_Sensor_incremental_reuse_placed.rpt"/>
  <File Type="PLACE-PRE-SIMILARITY" Name="Top_Range_Sensor_incremental_reuse_pre_placed.rpt"/>
  <File Type="PLACE-TIMING" Name="Top_Range_Sensor_timing_summary_placed.rpt"/>
  <File Type="PLACE-RQA-PB" Name="Top_Range_Sensor_rqa_placed.pb"/>
  <File Type="POSTPLACE-PWROPT-DCP" Name="Top_Range_Sensor_postplace_pwropt.dcp"/>
  <File Type="POSTPLACE-PWROPT-TIMING" Name="Top_Range_Sensor_timing_summary_postplace_pwropted.rpt"/>
  <File Type="PHYSOPT-DCP" Name="Top_Range_Sensor_physopt.dcp"/>
  <File Type="PHYSOPT-DRC" Name="Top_Range_Sensor_drc_physopted.rpt"/>
  <File Type="PHYSOPT-TIMING" Name="Top_Range_Sensor_timing_summary_physopted.rpt"/>
  <File Type="ROUTE-ERROR-DCP" Name="Top_Range_Sensor_routed_error.dcp"/>
  <File Type="ROUTE-DCP" Name="Top_Range_Sensor_routed.dcp"/>
  <File Type="ROUTE-BLACKBOX-DCP" Name="Top_Range_Sensor_routed_bb.dcp"/>
  <File Type="ROUTE-DRC" Name="Top_Range_Sensor_drc_routed.rpt"/>
  <File Type="ROUTE-DRC-PB" Name="Top_Range_Sensor_drc_routed.pb"/>
  <File Type="ROUTE-DRC-RPX" Name="Top_Range_Sensor_drc_routed.rpx"/>
  <File Type="ROUTE-METHODOLOGY-DRC" Name="Top_Range_Sensor_methodology_drc_routed.rpt"/>
  <File Type="ROUTE-METHODOLOGY-DRC-RPX" Name="Top_Range_Sensor_methodology_drc_routed.rpx"/>
  <File Type="ROUTE-METHODOLOGY-DRC-PB" Name="Top_Range_Sensor_methodology_drc_routed.pb"/>
  <File Type="ROUTE-PWR" Name="Top_Range_Sensor_power_routed.rpt"/>
  <File Type="ROUTE-PWR-SUM" Name="Top_Range_Sensor_power_summary_routed.pb"/>
  <File Type="ROUTE-PWR-RPX" Name="Top_Range_Sensor_power_routed.rpx"/>
  <File Type="ROUTE-STATUS" Name="Top_Range_Sensor_route_status.rpt"/>
  <File Type="ROUTE-STATUS-PB" Name="Top_Range_Sensor_route_status.pb"/>
  <File Type="ROUTE-TIMINGSUMMARY" Name="Top_Range_Sensor_timing_summary_routed.rpt"/>
  <File Type="ROUTE-TIMING-PB" Name="Top_Range_Sensor_timing_summary_routed.pb"/>
  <File Type="ROUTE-TIMING-RPX" Name="Top_Range_Sensor_timing_summary_routed.rpx"/>
  <File Type="ROUTE-SIMILARITY" Name="Top_Range_Sensor_incremental_reuse_routed.rpt"/>
  <File Type="ROUTE-CLK" Name="Top_Range_Sensor_clock_utilization_routed.rpt"/>
  <File Type="ROUTE-BUS-SKEW" Name="Top_Range_Sensor_bus_skew_routed.rpt"/>
  <File Type="ROUTE-BUS-SKEW-PB" Name="Top_Range_Sensor_bus_skew_routed.pb"/>
  <File Type="ROUTE-BUS-SKEW-RPX" Name="Top_Range_Sensor_bus_skew_routed.rpx"/>
  <File Type="ROUTE-RQS-PB" Name="Top_Range_Sensor_rqs_routed.pb"/>
  <File Type="POSTROUTE-PHYSOPT-DCP" Name="Top_Range_Sensor_postroute_physopt.dcp"/>
  <File Type="POSTROUTE-PHYSOPT-BLACKBOX-DCP" Name="Top_Range_Sensor_postroute_physopt_bb.dcp"/>
  <File Type="POSTROUTE-PHYSOPT-TIMING" Name="Top_Range_Sensor_timing_summary_postroute_physopted.rpt"/>
  <File Type="POSTROUTE-PHYSOPT-TIMING-PB" Name="Top_Range_Sensor_timing_summary_postroute_physopted.pb"/>
  <File Type="POSTROUTE-PHYSOPT-TIMING-RPX" Name="Top_Range_Sensor_timing_summary_postroute_physopted.rpx"/>
  <File Type="POSTROUTE-PHYSOPT-BUS-SKEW" Name="Top_Range_Sensor_bus_skew_postroute_physopted.rpt"/>
  <File Type="POSTROUTE-PHYSOPT-BUS-SKEW-PB" Name="Top_Range_Sensor_bus_skew_postroute_physopted.pb"/>
  <File Type="POSTROUTE-PHYSOPT-BUS-SKEW-RPX" Name="Top_Range_Sensor_bus_skew_postroute_physopted.rpx"/>
  <File Type="BG-BIT" Name="Top_Range_Sensor.bit"/>
  <File Type="BG-BIN" Name="Top_Range_Sensor.bin"/>
  <File Type="BITSTR-MSK" Name="Top_Range_Sensor.msk"/>
  <File Type="BITSTR-RBT" Name="Top_Range_Sensor.rbt"/>
  <File Type="BITSTR-NKY" Name="Top_Range_Sensor.nky"/>
  <File Type="BITSTR-BMM" Name="Top_Range_Sensor_bd.bmm"/>
  <File Type="BITSTR-MMI" Name="Top_Range_Sensor.mmi"/>
  <File Type="PDI-FILE" Name="Top_Range_Sensor.pdi"/>
  <File Type="BOOT-PDI-FILE" Name="Top_Range_Sensor_boot.pdi"/>
  <File Type="PL-PDI-FILE" Name="Top_Range_Sensor_pld.pdi"/>
  <File Type="RCFI_FILE" Name="Top_Range_Sensor.rcfi"/>
  <File Type="CFI_FILE" Name="Top_Range_Sensor.cfi"/>
  <File Type="RNPI_FILE" Name="Top_Range_Sensor.rnpi"/>
  <File Type="NPI_FILE" Name="Top_Range_Sensor.npi"/>
  <File Type="RBD_FILE" Name="Top_Range_Sensor.rbd"/>
  <File Type="BITSTR-LTX" Name="debug_nets.ltx"/>
  <File Type="BITSTR-LTX" Name="Top_Range_Sensor.ltx"/>
  <File Type="BITSTR-SYSDEF" Name="Top_Range_Sensor.sysdef"/>
  <File Type="BG-BGN" Name="Top_Range_Sensor.bgn"/>
  <File Type="BG-DRC" Name="Top_Range_Sensor.drc"/>
  <File Type="RDI-RDI" Name="Top_Range_Sensor.vdi"/>
  <File Type="WBT-USG" Name="usage_statistics_webtalk.html"/>
  <File Type="ROUTE-RQS" Name="Top_Range_Sensor_routed.rqs"/>
  <File Type="POSTROUTE-PHYSOPT-RQS" Name="Top_Range_Sensor_postroute_physopted.rqs"/>
  <File Type="ROUTE-RQS-RPT" Name="route_report_qor_suggestions_0.rpt"/>
  <File Type="POSTROUTE-PHYSOPT-RQS-RPT" Name="postroute_physopt_report_qor_suggestions_0.rpt"/>
  <FileSet Name="sources" Type="DesignSrcs" RelSrcDir="$PSRCDIR/sources_1" RelGenDir="$PGENDIR/sources_1">
    <Filter Type="Srcs"/>
    <File Path="$PSRCDIR/sources_1/imports/ultra_ise/BCD_converter.vhd">
      <FileInfo>
        <Attr Name="ImportPath" Val="$PPRDIR/../../Spartan6_Sensor_codes/sensor/ultra_ise/BCD_converter.vhd"/>
        <Attr Name="ImportTime" Val="1583125461"/>
        <Attr Name="UsedIn" Val="synthesis"/>
        <Attr Name="UsedIn" Val="simulation"/>
      </FileInfo>
    </File>
    <File Path="$PSRCDIR/sources_1/imports/ultra_ise/Counter.vhd">
      <FileInfo>
        <Attr Name="ImportPath" Val="$PPRDIR/../../Spartan6_Sensor_codes/sensor/ultra_ise/Counter.vhd"/>
        <Attr Name="ImportTime" Val="1583117109"/>
        <Attr Name="UsedIn" Val="synthesis"/>
        <Attr Name="UsedIn" Val="simulation"/>
      </FileInfo>
    </File>
    <File Path="$PSRCDIR/sources_1/imports/ultra_ise/Display_ctr.vhd">
      <FileInfo>
        <Attr Name="ImportPath" Val="$PPRDIR/../../Spartan6_Sensor_codes/sensor/ultra_ise/Display_ctr.vhd"/>
        <Attr Name="ImportTime" Val="1583128729"/>
        <Attr Name="UsedIn" Val="synthesis"/>
        <Attr Name="UsedIn" Val="simulation"/>
      </FileInfo>
    </File>
    <File Path="$PSRCDIR/sources_1/imports/ultra_ise/Distance_calculator.vhd">
      <FileInfo>
        <Attr Name="ImportPath" Val="$PPRDIR/../../Spartan6_Sensor_codes/sensor/ultra_ise/Distance_calculator.vhd"/>
        <Attr Name="ImportTime" Val="1583117109"/>
        <Attr Name="UsedIn" Val="synthesis"/>
        <Attr Name="UsedIn" Val="simulation"/>
      </FileInfo>
    </File>
    <File Path="$PSRCDIR/sources_1/imports/ultra_ise/Range_Sensor.vhd">
      <FileInfo>
        <Attr Name="ImportPath" Val="$PPRDIR/../../Spartan6_Sensor_codes/sensor/ultra_ise/Range_Sensor.vhd"/>
        <Attr Name="ImportTime" Val="1583127156"/>
        <Attr Name="UsedIn" Val="synthesis"/>
        <Attr Name="UsedIn" Val="simulation"/>
      </FileInfo>
    </File>
    <File Path="$PSRCDIR/sources_1/imports/ultra_ise/Trigger_generator.vhd">
      <FileInfo>
        <Attr Name="ImportPath" Val="$PPRDIR/../../Spartan6_Sensor_codes/sensor/ultra_ise/Trigger_generator.vhd"/>
        <Attr Name="ImportTime" Val="1583128899"/>
        <Attr Name="UsedIn" Val="synthesis"/>
        <Attr Name="UsedIn" Val="simulation"/>
      </FileInfo>
    </File>
    <File Path="$PSRCDIR/sources_1/new/desig.v">
      <FileInfo>
        <Attr Name="UsedIn" Val="synthesis"/>
        <Attr Name="UsedIn" Val="implementation"/>
        <Attr Name="UsedIn" Val="simulation"/>
      </FileInfo>
    </File>
    <Config>
      <Option Name="DesignMode" Val="RTL"/>
      <Option Name="TopModule" Val="Top_Range_Sensor"/>
      <Option Name="TopAutoSet" Val="TRUE"/>
    </Config>
  </FileSet>
  <FileSet Name="constrs_in" Type="Constrs" RelSrcDir="$PSRCDIR/constrs_1" RelGenDir="$PGENDIR/constrs_1">
    <Filter Type="Constrs"/>
    <File Path="$PSRCDIR/constrs_1/new/ultrasonic.xdc">
      <FileInfo>
        <Attr Name="UsedIn" Val="synthesis"/>
        <Attr Name="UsedIn" Val="implementation"/>
      </FileInfo>
    </File>
    <Config>
      <Option Name="ConstrsType" Val="XDC"/>
    </Config>
  </FileSet>
  <FileSet Name="utils" Type="Utils" RelSrcDir="$PSRCDIR/utils_1" RelGenDir="$PGENDIR/utils_1">
    <Filter Type="Utils"/>
    <Config>
      <Option Name="TopAutoSet" Val="TRUE"/>
    </Config>
  </FileSet>
  <Strategy Version="1" Minor="2">
    <StratHandle Name="Vivado Implementation Defaults" Flow="Vivado Implementation 2019"/>
    <Step Id="init_design"/>
    <Step Id="opt_design"/>
    <Step Id="power_opt_design"/>
    <Step Id="place_design"/>
    <Step Id="post_place_power_opt_design"/>
    <Step Id="phys_opt_design"/>
    <Step Id="route_design"/>
    <Step Id="post_route_phys_opt_design"/>
    <Step Id="write_bitstream"/>
  </Strategy>
</GenRun>
